{
  "id": "1135626",
  "name": "book-keeping",
  "font_family": "iconfont",
  "css_prefix_text": "icon-",
  "description": "",
  "glyphs": [
    {
      "icon_id": "8524872",
      "name": "添加",
      "font_class": "huabanfuben",
      "unicode": "e631",
      "unicode_decimal": 58929
    },
    {
      "icon_id": "3742846",
      "name": "编辑",
      "font_class": "bianji",
      "unicode": "e609",
      "unicode_decimal": 58889
    },
    {
      "icon_id": "4769848",
      "name": "删除",
      "font_class": "shanchu",
      "unicode": "e606",
      "unicode_decimal": 58886
    },
    {
      "icon_id": "3742854",
      "name": "日历",
      "font_class": "rili",
      "unicode": "e60b",
      "unicode_decimal": 58891
    },
    {
      "icon_id": "15946917",
      "name": "设置",
      "font_class": "shezhi",
      "unicode": "e60c",
      "unicode_decimal": 58892
    },
    {
      "icon_id": "18051169",
      "name": "chart",
      "font_class": "Chart",
      "unicode": "e6a6",
      "unicode_decimal": 59046
    },
    {
      "icon_id": "12739231",
      "name": "记账",
      "font_class": "bookkeeping",
      "unicode": "e62d",
      "unicode_decimal": 58925
    },
    {
      "icon_id": "13644720",
      "name": "主页",
      "font_class": "zhuye",
      "unicode": "e605",
      "unicode_decimal": 58885
    },
    {
      "icon_id": "12739239",
      "name": "工资",
      "font_class": "salary",
      "unicode": "e629",
      "unicode_decimal": 58921
    },
    {
      "icon_id": "12739245",
      "name": "奖金",
      "font_class": "bonus",
      "unicode": "e62a",
      "unicode_decimal": 58922
    },
    {
      "icon_id": "12739246",
      "name": "生活费",
      "font_class": "alimony",
      "unicode": "e62b",
      "unicode_decimal": 58923
    },
    {
      "icon_id": "12739247",
      "name": "外块兼职",
      "font_class": "part-time-job",
      "unicode": "e62c",
      "unicode_decimal": 58924
    },
    {
      "icon_id": "12664898",
      "name": "蔬菜",
      "font_class": "vegetables",
      "unicode": "e628",
      "unicode_decimal": 58920
    },
    {
      "icon_id": "12664862",
      "name": "数码",
      "font_class": "digital",
      "unicode": "e621",
      "unicode_decimal": 58913
    },
    {
      "icon_id": "12664867",
      "name": "汽车",
      "font_class": "car",
      "unicode": "e622",
      "unicode_decimal": 58914
    },
    {
      "icon_id": "12664868",
      "name": "教育",
      "font_class": "education",
      "unicode": "e623",
      "unicode_decimal": 58915
    },
    {
      "icon_id": "12664885",
      "name": "社交",
      "font_class": "social",
      "unicode": "e624",
      "unicode_decimal": 58916
    },
    {
      "icon_id": "12664886",
      "name": "亲友",
      "font_class": "friends",
      "unicode": "e625",
      "unicode_decimal": 58917
    },
    {
      "icon_id": "12664890",
      "name": "孩子",
      "font_class": "child",
      "unicode": "e626",
      "unicode_decimal": 58918
    },
    {
      "icon_id": "12664897",
      "name": "老人",
      "font_class": "elderly",
      "unicode": "e627",
      "unicode_decimal": 58919
    },
    {
      "icon_id": "12664880",
      "name": "办公",
      "font_class": "work",
      "unicode": "e611",
      "unicode_decimal": 58897
    },
    {
      "icon_id": "12664887",
      "name": "宠物",
      "font_class": "pets",
      "unicode": "e616",
      "unicode_decimal": 58902
    },
    {
      "icon_id": "12664896",
      "name": "快递",
      "font_class": "express",
      "unicode": "e61e",
      "unicode_decimal": 58910
    },
    {
      "icon_id": "12739230",
      "name": "彩票",
      "font_class": "lottery",
      "unicode": "e61f",
      "unicode_decimal": 58911
    },
    {
      "icon_id": "4408952",
      "name": "运动",
      "font_class": "ziyuan",
      "unicode": "e614",
      "unicode_decimal": 58900
    },
    {
      "icon_id": "5126090",
      "name": "维修器具",
      "font_class": "weixiuqiju",
      "unicode": "e610",
      "unicode_decimal": 58896
    },
    {
      "icon_id": "5193923",
      "name": "日用品",
      "font_class": "riyongpin",
      "unicode": "e620",
      "unicode_decimal": 58912
    },
    {
      "icon_id": "8629249",
      "name": "礼物",
      "font_class": "liwu",
      "unicode": "e66a",
      "unicode_decimal": 58986
    },
    {
      "icon_id": "9385197",
      "name": "医疗箱",
      "font_class": "-",
      "unicode": "e60a",
      "unicode_decimal": 58890
    },
    {
      "icon_id": "12037509",
      "name": "娱乐",
      "font_class": "yule",
      "unicode": "e76e",
      "unicode_decimal": 59246
    },
    {
      "icon_id": "12664857",
      "name": "旅行",
      "font_class": "travel",
      "unicode": "e60e",
      "unicode_decimal": 58894
    },
    {
      "icon_id": "12664861",
      "name": "餐饮",
      "font_class": "food",
      "unicode": "e60f",
      "unicode_decimal": 58895
    },
    {
      "icon_id": "12664865",
      "name": "服饰",
      "font_class": "clothes",
      "unicode": "e612",
      "unicode_decimal": 58898
    },
    {
      "icon_id": "12664869",
      "name": "礼金",
      "font_class": "cash-gift",
      "unicode": "e613",
      "unicode_decimal": 58899
    },
    {
      "icon_id": "12664871",
      "name": "美容",
      "font_class": "cosmetology",
      "unicode": "e615",
      "unicode_decimal": 58901
    },
    {
      "icon_id": "12664874",
      "name": "居家",
      "font_class": "home",
      "unicode": "e617",
      "unicode_decimal": 58903
    },
    {
      "icon_id": "12664876",
      "name": "理财",
      "font_class": "financing",
      "unicode": "e618",
      "unicode_decimal": 58904
    },
    {
      "icon_id": "12664878",
      "name": "水果",
      "font_class": "fruits",
      "unicode": "e619",
      "unicode_decimal": 58905
    },
    {
      "icon_id": "12664881",
      "name": "零食",
      "font_class": "snacks",
      "unicode": "e61a",
      "unicode_decimal": 58906
    },
    {
      "icon_id": "12664882",
      "name": "通讯",
      "font_class": "communication",
      "unicode": "e61b",
      "unicode_decimal": 58907
    },
    {
      "icon_id": "12664884",
      "name": "交通",
      "font_class": "traffic",
      "unicode": "e61c",
      "unicode_decimal": 58908
    },
    {
      "icon_id": "12664888",
      "name": "住房",
      "font_class": "housing",
      "unicode": "e61d",
      "unicode_decimal": 58909
    },
    {
      "icon_id": "13478757",
      "name": "红包",
      "font_class": "A",
      "unicode": "e6f2",
      "unicode_decimal": 59122
    },
    {
      "icon_id": "18099191",
      "name": "购物",
      "font_class": "gouwu",
      "unicode": "ef04",
      "unicode_decimal": 61188
    }
  ]
}
